Price,pred_target_h1,true_target_h1,pred_target_h5,true_target_h5,pred_target_h20,true_target_h20
2015-12-10,5.992454959045582e-05,-0.0195713113474926,0.0012579669380878896,-0.0049178538683332,0.0022796555296312007,-0.0632426899831344
2015-12-11,0.0003324902683137214,0.0050399286062505,0.002526397909607922,-0.0033220068008485,0.0014293304115569044,-0.0356354619007071
2015-12-14,0.0005144522188089856,0.0104434249491678,0.0001686725233222973,-0.000146677431581,0.002819118463102485,-0.065932237943362
2015-12-15,-0.00021694264705931257,0.014525597277597,-0.0008384147686406459,-0.0015567418328066,0.0019543302832123926,-0.0600919930891903
2015-12-16,-0.00216937386834078,-0.0153554933538559,-0.006081547946606478,-0.0037750228502941,-0.005037931920899244,-0.0963174352598121
2015-12-17,-7.327525552431116e-06,-0.017975464280008,0.00029117882236781166,0.009928595383525,-0.0002656199841334925,-0.0796319908810456
2015-12-18,3.1058598678893664e-05,0.0082152579755181,0.0011267690130670432,0.025616337467361,-0.0003475784474909326,-0.0745540927957817
2015-12-21,0.0006780085926818673,0.0090333605479422,0.0018477900258280775,0.0280164082681775,0.003921822821938873,-0.0771832129717342
2015-12-22,-0.000253019464251499,0.0123073162601095,-0.0007692956231152687,0.0118700002093321,0.000399762725320235,-0.0659090929670336
2015-12-23,-0.0012384436295957413,-0.0016518751200367,-0.003819605909423294,-0.0104909713578793,-0.003677876461521893,-0.0934482381988281
2015-12-24,0.0001292205440717698,-0.0022877221961721,0.0007943352611667941,-0.0229170525986903,0.002450235507390955,-0.0782450231673044
2015-12-28,0.0006175978414160092,0.0106153287763346,0.0005645867026917175,-0.0189392835547552,0.0020295853917531464,-0.0869005769774071
2015-12-29,-0.0013069189535343368,-0.0071130475109031,-0.003307386535121396,-0.0422492165369634,-0.0034859594860953075,-0.0923204753470274
2015-12-30,0.0001363571518457918,-0.010053655307102,0.0005975273547718474,-0.0594204709767014,-0.0005755122800252619,-0.0611222545563832
2015-12-31,6.686358611824014e-05,-0.0140779563608477,0.0008528192243694011,-0.0604036919747095,-0.0004111794022275822,-0.0514299562595237
2016-01-04,0.0009380956934198297,0.0016900468477629,0.0008918066789580612,-0.0453363788996359,-4.648265238505096e-06,-0.0555388321892387
2016-01-05,0.0009866582306546597,-0.0126946042058735,0.001957365122071728,-0.0389905090124642,0.002359465091624333,-0.0512517856632275
2016-01-06,0.001396595568649415,-0.0242843019506411,0.0034687290521981853,-0.051552752242995,0.0029970682190931536,-0.0369897726565584
2016-01-07,0.0021845840039203643,-0.01103687630511,0.005664035394020065,-0.0109847804890144,0.004888630251571234,-0.031939772437898
2016-01-08,0.0018116443663832012,0.0009893567142258,0.005547999376589794,-0.0216477490769291,0.004594294428750256,-0.0344553192811805
2016-01-11,0.0021334680155669873,0.0080359167349346,0.0036833133566356348,-0.0213071547662444,0.004261325668367842,-0.0353906571637319
2016-01-12,0.0008353141541137998,-0.0252568474364043,0.0007712548623108,-0.0422406376959232,0.0014551043434124803,-0.044289578452374
2016-01-13,0.00275541774854827,0.0162836698033395,0.005929531578320096,-0.0113976524599532,0.0054962339670206915,-0.0321261882894372
2016-01-14,-0.0008135033903074369,-0.0216998448930247,-0.001765833572922421,-0.0073738417106499,-0.0004639271311392022,-0.0280030985171357
2016-01-15,0.0008322147983654041,0.0013299510249105,0.0034321016201261743,-0.0009058257893101,0.0019614932373944183,0.0104344486772367
2016-01-19,0.0010623772495457126,-0.0128975661947441,0.0020153814472347945,0.0113155630972663,0.002827453010484901,0.0253074061002704
2016-01-20,0.0014536924051463734,0.0055861377995656,0.004450051677270148,0.0132698532857356,0.006069143385886677,0.0341006242312982
2016-01-21,0.0006817460485687518,0.0203074805526428,0.002537647352170997,0.0128791458928843,0.005381400413411301,0.0280459170044782
2016-01-22,-0.00162002886294346,-0.015231828971685,-0.002487679890674821,0.0166568386199825,-0.001355885929467635,0.0221135612649288
2016-01-25,0.00228799798502325,0.013551339911487,0.004069258446927673,0.0315273105814251,0.005980185563641573,0.0246352935099158
2016-01-26,-0.0006135043025149822,-0.0109432760062748,-0.0020478704022831506,-0.0002108616206246,-0.0006259187930919988,0.0156491878159332
2016-01-27,0.0006002253960605028,0.0051954304067143,0.0020321153898413473,0.0167095077594243,0.0022950752057927398,0.0386317202794588
2016-01-28,-0.0007065673242544616,0.0240851732797411,-0.001110665299178496,0.0130814861535055,-0.002178492356341274,0.0311322984117596
2016-01-29,-0.0036242984903911827,-0.0003613570102425,-0.00789126319523778,-0.0302379888582162,-0.00922699065117243,-0.0008262435734076
2016-02-01,-0.0006637169939265933,-0.0181868322905627,-0.003519974249965532,-0.0434290549963662,-0.0030966555951024337,0.0227698884902176
2016-02-02,0.00019558099328426435,0.0059770933737741,-0.0003543623689658739,-0.0251882038741291,-0.002079243294402098,0.0454393408391329
2016-02-03,-0.0012701420370163391,0.0015674088007955,-0.0031719438458598587,-0.0320283018016107,-0.004550750363792925,0.0433737736416013
2016-02-04,-0.0011576695807211882,-0.0192343017319807,-0.0017566539149904397,-0.0466891678758738,-0.0033676750197295267,0.0450549797221917
2016-02-05,0.0003179607626951204,-0.0135524231483925,0.0014264166613356935,-0.0070481065682521,-0.0026112010920124355,0.0650873052195111
2016-02-08,0.0020585001829723825,5.401883167444055e-05,0.0033941867248765945,0.0232420188814881,0.002567447771284852,0.0676616667871812
2016-02-09,0.0012353751607216438,-0.0008630045537074,0.0019159352227618508,0.0393909084977579,0.000956292530387366,0.0725349836161539
2016-02-10,0.0008589013478997925,-0.0130934572734675,0.0014305912174438539,0.036149564987749,-0.0006324031106648012,0.0742000331394319
2016-02-11,0.001221234015406111,0.0204067595756409,0.0029373618793030005,0.0487744528339622,0.0017299048363339782,0.1033019609677987
2016-02-12,-0.000898481442489238,0.0167377023013477,-0.001905553948702573,0.0427428180714146,-0.002273091987320123,0.0816120907380373
2016-02-16,-0.0011696042564029688,0.0162029084479442,-0.0038896143322833246,0.0132950190433689,-0.0028579586314270164,0.0632434094169749
2016-02-17,-0.0026450945942994553,-0.0041043480637164,-0.007694779194951237,0.0016573448129291,-0.008984184287950062,0.0528110429793597
2016-02-18,-0.0012336880814377775,-0.0004685694272543,-0.0027593368127964563,0.0178009493338962,-0.004223418510949799,0.0632395958364728
2016-02-19,-0.0017008569440273812,0.0143751248130934,-0.0022341974344246606,0.0159655273001657,-0.0023798674216023354,0.0676299842302494
2016-02-22,-0.002115333018721079,-0.0127100967266979,-0.004981649554217164,-0.0062829662183538,-0.0034428914482267725,0.0546727126752433
2016-02-23,6.8863644044384834e-06,0.0045652342175044,-4.8824652358173386e-05,0.0296619055617268,-0.000466688424385955,0.0668451733849737
2016-02-24,-0.0013061415863223707,0.0120392564572506,-0.002943232791678297,0.0295792914025749,-0.002407615529852079,0.05565846778389
2016-02-25,-0.0017415133688271313,-0.0023039914609848,-0.003208545658962121,0.0214515611215668,-0.0017698261730171574,0.043176187792822
2016-02-26,-0.0013303075372901407,-0.0078733687054262,-0.0027223085375567366,0.0270041674639376,-0.004999036280454445,0.0460710973012314
2016-02-29,0.0005686021339697282,0.0232347750533827,-0.0004394201707236104,0.0356755599347025,-0.0020569639063169635,0.0631519198113581
2016-03-01,-0.0022918010386718517,0.0044826200583525,-0.006885582116038202,0.0014627233005972,-0.007227101950125425,0.0442953822909624
2016-03-02,-0.0016377198588639265,0.0039115261762425,-0.004573502863291339,0.0019074389028919,-0.006424906590858701,0.0373827653133842
2016-03-03,-0.0018334818838259227,0.0032486148813859,-0.005304695852733494,-0.0012020423037801,-0.008940783322984223,0.0402601292367403
2016-03-04,-0.002129606633652914,0.0007980237653386,-0.0048011656054850315,0.0115578133697331,-0.007783190271259575,0.0337681334594082
2016-03-07,-0.0006665007030767839,-0.0109780615807224,-0.003074622682822801,0.009476678950274,-0.0037536285439334254,0.0229320340920944
2016-03-08,-7.635943149039736e-05,0.0049273356606471,-0.00039372424905478724,0.0188237615112818,-0.0016424325446342813,0.0447719640621189
2016-03-09,-0.0005123926665196918,0.0008020449695704,-0.0012874531862458148,0.0196669678609637,-0.00175272181733998,0.0278067781182764
2016-03-10,-0.0009577733786462026,0.0160084705548992,-0.002108145885636249,0.0251891276847899,-0.003544733517330809,0.0296979606607656
2016-03-11,-0.002494079209197297,-0.0012831106541204,-0.005600660234926698,0.0131024760964129,-0.0062894597703157746,0.011339626318465
2016-03-14,0.00032441773817597794,-0.0016309790197146,-0.0013816038219631997,0.0158034400086206,-0.002243773760879143,0.0218920269898452
2016-03-15,0.00012018798783517808,0.0057705420103291,-0.0012407213422920282,0.0168967830113677,-0.0024216582615222363,0.0335736774905743
2016-03-16,-0.0011135895169992092,0.0063242047933966,-0.002879320271094581,0.0045047696174593,-0.0039998696216077675,0.0278513007628991
2016-03-17,-0.001571505737092648,0.0039218189665222,-0.003782516989516824,-0.0022624587097546,-0.005588055832852435,0.0204205120436817
2016-03-18,-0.001735550243953281,0.0014178532580872,-0.004213820174447828,-0.0055933596288522,-0.007909493113037284,0.023500804393433
2016-03-21,0.00022877229502264826,-0.0005376360169675,-0.0013114133225296054,0.0021962409177609,-0.0014299831015934855,0.0252321590570874
2016-03-22,4.762177103944954e-05,-0.0066214713835792,-0.000890124692806291,0.0071121144677155,-0.0013309074990895424,0.0267223338283448
2016-03-23,0.0005667251446130799,-0.0004430235338173,0.001520224588144682,0.0113035889320691,0.001024346562765367,0.0279510842775385
2016-03-24,0.0002015737037588031,0.0005909180474246,0.0012759840512387602,0.0185355025654851,0.001041106434221204,0.0283941078113558
2016-03-28,0.0012238528736053995,0.0092074538047004,0.0019468793107986872,0.0147012036221143,0.0033095971762381084,0.0260786663580541
2016-03-29,0.00015786482250478115,0.004378237532987,-0.0014252576728427035,-0.0045443257845612,-0.0025951918200123386,0.0183561638920854
2016-03-30,0.00017202312951772412,-0.0024299969192256,-0.0006373127721797257,0.0019393050717537,-0.0013616836672728522,0.01603425734839
2016-03-31,0.00029935871000042445,0.0067888900995987,0.00036674281729435045,-0.0076685482922158,-0.0009513672219680505,0.0093470142714195
2016-04-01,-0.001005477677950854,-0.0032433808959462,-0.0016267722589726327,-0.0117642108797548,-0.002526619737340253,-0.0028553745967547
2016-04-04,0.0011113954908041229,-0.0100380756019751,0.001554644117571947,-0.0108706937712099,0.0022287668148883344,0.0083047579581707
2016-04-05,0.0012694334964787586,0.010861868389302,0.0027275127954266565,0.0084366718480248,0.0031420861680520637,0.0096016700163836
2016-04-06,-0.00019839445887520147,-0.0120378502831952,-0.00017002660254598922,0.0076254749397373,0.0015202522021584186,-0.0068541730435889
2016-04-07,0.000960966536220837,0.0026932275120596,0.0035543845295308105,0.0197114905055864,0.005018660547161637,0.0049887922257214
2016-04-08,-5.359047677713964e-05,-0.0023498637874013,0.001451879293432955,0.015911679067706,0.0028920861898332107,0.0059477157335168
2016-04-11,0.001637330992614165,0.0092692900172597,0.003796393989857897,0.0252636541713808,0.008059150401027193,0.0091238408268417
2016-04-12,-3.848686152664084e-05,0.0100506714810144,-0.0005072605659693595,0.0191435720758628,0.002482030231984538,0.0122117891661783
2016-04-13,-0.0006925881968254874,4.8165282653833685e-05,-0.001800842451263987,0.0100454393491382,-0.0007777076605482453,-0.00723752863823
2016-04-14,7.936676066153768e-05,-0.0011065839258206,0.00044893513339422516,0.0046045531320988,0.0012233742879735983,-0.0069953300560872
2016-04-15,-0.000256482723649984,0.0070021113162734,0.0007165550608043347,0.0057111370579194,0.0006275568930923479,-0.0146412579181438
2016-04-18,-2.8771366286094364e-05,0.0031492079217416,-0.0006745200361059985,-0.0030154976642311,0.0018123221929773575,-0.0118263637130437
2016-04-19,-0.00036737308867831805,0.0009525387542899,-0.000928290329087829,-0.0046797542472409,0.0007467420416088291,-0.024353449937978
2016-04-20,-0.00025695445594693737,-0.0053927209343855,-0.00041195092571937606,-0.0035759620122393,0.0007290035387407245,-0.0250125889807391
2016-04-21,0.00020307240847657708,0.0,0.001717625770807301,-0.0073004810740497,0.0034573721974610057,-0.0230912601209789
2016-04-22,-0.00037734648062670654,-0.0017245234058771,0.0007364429150699708,-0.0127139798426254,0.0015161829729748054,-0.0167934014139392
2016-04-25,0.0013278883105357733,0.0014849513387318,0.002192923923616225,-0.0030727047777689,0.0030466435263725123,-0.0164325077838292
2016-04-26,0.000771518463841579,0.0020563309892915,0.0014471930327829615,-0.013298819660263,0.0031207743235800956,-0.0050383893689263
2016-04-27,0.0006700889083504789,-0.009117239996196,0.0006922355267525215,-0.0209491253202251,-0.0005471175914726996,-0.0003346203135858
2016-04-28,0.000984394729144295,-0.0054134987685756,0.002598321466109615,-0.0120267703379139,0.0019547437593704325,0.0090694683229459
2016-04-29,7.674400726023463e-05,0.0079167516589793,0.001087288098952574,-0.0029611205494832,-0.00012443299638565872,0.0187728789942873
2016-05-02,0.0011181438139948646,-0.0087411635437621,0.001840922224153402,-0.010051610902539,0.003969688661679886,0.0089516674604617
2016-05-03,0.0011908546064660099,-0.0055939746706705,0.0030836783844817176,0.0110467909978195,0.006048862744550641,0.0197399007027847
2016-05-04,0.0012640048745337674,-0.0001948850138848,0.003980126264967498,0.0072421193450962,0.007500019180734219,0.0283730204773435
2016-05-05,0.001318211479908035,0.003652151019855,0.005153436995296541,0.0077273682237777,0.009474468931793788,0.0255764057124912
2016-05-06,3.927874845480796e-05,0.0008262613059235,0.002625096338565015,-0.0046772945839546,0.00680679760233037,0.0269999379369121
2016-05-09,0.0012447686957137343,0.0123572383565964,0.0034030465548702806,0.0043134496314953,0.009524996523937863,0.0277333779806951
2016-05-10,-3.681202896511828e-05,-0.0093986463233939,9.571705417845636e-05,-0.0174216670282936,0.0053340807289075625,0.0186308925102709
2016-05-11,0.0010198506347401056,0.0002903638647966,0.0035297514073473818,-0.0077296209933708,0.007180147337318187,0.0266629602966528
2016-05-12,3.0334167506271655e-05,-0.0087525117878772,0.0017729398596044138,-0.0114913769327928,0.005013233356531445,0.0168497938906897
2016-05-13,0.0005486260436668895,0.0098170055213735,0.004133348369255999,0.003558993562124,0.006868754493604849,0.0178607942464745
2016-05-16,0.0005149383772074284,-0.0093778783031925,0.0011991771474088868,-0.0076216417350165,0.0059672748561897,0.0060748032027309
2016-05-17,0.0008338822383860173,0.0002933997115288,0.002565681381296591,0.0146353063218107,0.006238885106177261,0.0140575538487341
2016-05-18,0.0001908313026428494,-0.0034713920746254,0.0008407725714725801,0.0211020066549139,0.004193445959512134,0.0167444650362922
2016-05-19,0.00027992335205704114,0.0062978587070396,0.0020566855069357056,0.0248602473698751,0.004343654990621947,0.0164844761769549
2016-05-20,-0.0006917360207136442,-0.001363629775767,0.00013551594274275442,0.0228523005656011,0.0027784889829006306,0.0166060563341821
2016-05-23,0.001570874091216126,0.0128790697536347,0.0034422923078279966,0.0223114704665219,0.006714675920708635,0.0208044816433439
2016-05-24,-0.0005810222517022236,0.006760100044632,-0.002336758289527725,0.011479470411448,-0.0003030231689549181,0.0062928776815658
2016-05-25,-0.0006596547918792416,0.0002868486403357,-0.0016946305463005872,0.0077585154707042,-0.0008004259575171702,0.0124713314309694
2016-05-26,-0.00017018363736163246,0.0042899119027657,0.0002409688286680097,0.0044801670516312,0.0009723934473430829,-0.024385474167893
2016-05-27,-0.0009724549813034536,-0.0019044598748463,-0.0007922132705312774,0.0052659383931414,-0.0006060622694415707,-0.0467474431050778
2016-05-31,-0.0007306449136003693,0.0020470696985608,-0.001632902556217326,0.0087300996176944,0.0005816050343608534,-0.0269676280742068
2016-06-01,-0.00027154905625983175,0.0030391451038882,-0.0002133418418872623,0.0099377828053057,0.0006011069214772813,-0.0121303788271944
2016-06-02,-0.00028190709293780797,-0.0029914997787372,0.00024583132427279564,0.0055320591644054,0.001220811270330073,-0.0016165390102322
2016-06-03,-0.0006665501691682256,0.0050756832442759,-0.0009813244124415367,-0.0009992435980237,-0.0023017257649418227,0.0034733456607014
2016-06-06,0.00045886331110787053,0.0015597013497066,-0.00014997097922111817,-0.0138164382743921,0.0011599066208305663,-0.0088215276478074
2016-06-07,0.0006967527424116729,0.0032547528861721,0.00020584522531120965,-0.0173451251464689,-0.0011173999055811385,-0.0044012379679498
2016-06-08,9.173044987420233e-05,-0.001366578537012,-0.0008197583026908566,-0.0219950056898303,-0.0026951149629741303,-0.0082762938883895
2016-06-09,0.00015669416229397635,-0.0095228025411664,-0.00017856710464711901,-0.0176481162537314,-0.0030174024809784808,0.0078710434866007
2016-06-10,-0.00027698485990625626,-0.0077415114320924,-0.0001224559433343419,-0.0118566946465277,-0.0023337204772175954,0.0209143798559647
2016-06-13,0.0008551353119901006,-0.0019689855223701,0.0008054073480094653,0.0023042556498316,0.000870224708533541,0.0358933478550014
2016-06-14,0.00019289670643801178,-0.0013951276571892,0.0003572933481746181,0.0071080367055964,0.002399968457619944,0.0377224759308951
2016-06-15,0.000307222964353201,0.0029803108990869,0.0015665228912751094,0.0068706301546423,0.004997921675274139,0.0446855207245739
2016-06-16,-0.001119078033599662,-0.0037313809339627,-0.0020342151257986907,0.0168288730495911,0.0005103859977612516,0.0403625611629143
2016-06-17,-0.0002016629467684781,0.0064194388642668,0.0014191343111269437,-0.0160097029749728,0.004839803364562683,0.0467776854175738
2016-06-20,0.0006856433475353577,0.0028347955333947,0.0011061156744698699,-0.0405011988736587,0.005445200952194507,0.0393411509570889
2016-06-21,0.0006160400720101988,-0.0016325342081433,0.0017805775003559745,-0.0254606392510288,0.005553196759489126,0.0406605352411642
2016-06-22,9.821665523411787e-05,0.0129385537940356,0.0012339680954085819,-0.0069437860973122,0.005261476671145331,0.0385087875994312
2016-06-23,-0.00155620597695281,-0.0365699569585267,-0.002805887761240501,-0.0063293549704974,-0.00045132929467835235,0.0300454768698221
2016-06-24,-0.000843846834687063,-0.018072057034419,-0.0007445000499394501,0.0323389868802257,-0.0024628257195506093,0.0638957090328204
2016-06-27,0.00149388097347342,0.0178753551560246,0.003302688733178514,0.0431918538504119,0.004382657505276618,0.0824295865458353
2016-06-28,-0.00041408702762049,0.0168843189455731,-0.0005013075246059785,0.0312964897239513,0.0020057767431155863,0.0634920452681377
2016-06-29,-0.0014733803154724937,0.0135529849208504,-0.004182264732556647,0.0137918677441106,-0.003305647549672392,0.0477620378604344
2016-06-30,-0.0026942731769029294,0.0020983848921964,-0.007721773153190244,0.0150196416612384,-0.008817319347260336,0.0358220847029011
2016-07-01,-0.001460177855433678,-0.0072191900642328,-0.0037388189077352243,0.0164417905972396,-0.004788034471801571,0.0328943743380776
2016-07-05,-0.0004552786719619523,0.0059799910295641,-0.0019331440344030884,0.0308984372284166,-0.003940587417072971,0.0336857992529093
2016-07-06,-0.0017095187974644549,-0.0006203030342675,-0.0037243104714760247,0.0247785887523761,-0.006377209820127973,0.0306243197193865
2016-07-07,-0.0012035178478273867,0.0147807588379782,-0.0019942399701726224,0.0309668089231331,-0.00409611882617712,0.0323079035812572
2016-07-08,-0.003274139276089841,0.0035205338281976,-0.0073355125794793965,0.0148434014225822,-0.009108162557327538,0.025672726777155
2016-07-11,-0.0009674913077767568,0.0072374565669441,-0.003844441919796486,0.0140066109150813,-0.0033496307458541564,0.021556283091602
2016-07-12,-0.0019874503758822793,-0.0001398574464763,-0.006042421622413064,0.005752058751919,-0.006549532743667854,0.0149147363820132
2016-07-13,-0.0016601535631161376,0.0055679171364895,-0.004194646540492305,0.0100460960158654,-0.006220032764291975,0.0125763374206346
2016-07-14,-0.002368204110377716,-0.0013426486625727,-0.005246190857442603,0.0006938970294996,-0.007058042914259069,0.0116387183925459
2016-07-15,-0.0020186967723267034,0.0026837433206967,-0.004821273986714154,0.0065117887564989,-0.010693097609265317,0.0121116562049472
2016-07-18,-0.00030902954954416397,-0.001017095596218,-0.003947675362774688,0.0011083206402737,-0.009516823055778497,0.0123077673372833
2016-07-19,-0.00016032750613008515,0.00415417981747,-0.0027785876087367,0.0025872367150876,-0.008651122004200412,0.0081538373819878
2016-07-20,-0.0007857742851911681,-0.0037842818498763,-0.003797372861692022,-0.0026291292240552,-0.009451294091757378,0.0058789987181331
2016-07-21,-0.0005876800893574649,0.0044752430644265,-0.002293688514907218,0.0023094641636909,-0.007996087535505736,0.0119046973797445
2016-07-22,-0.001262406859174058,-0.0027197247955284,-0.003481580745930129,-0.0005527471374184,-0.00902895142457328,0.0059660852286906
2016-07-25,0.0007878194367578011,0.0004618204785957,-0.0005978782143212665,0.0013376521854828,-0.003991650939282714,0.0086402027320193
2016-07-26,0.00045003051691759735,-0.0010621861216728,-0.000807640566039566,-0.005551933442514,-0.003543827828244194,0.0101896288204228
2016-07-27,0.0003493991468141561,0.0011543115378698,-0.0002753037159718833,-0.0015712358247998,-0.003217670515431529,0.006124188628247
2016-07-28,0.0002366504442360181,0.0016130317633171,0.00042959818916641214,-0.0016622665350665,-0.0010363853079831953,0.0042808513516732
2016-07-29,-0.00025206384618192543,-0.000829325472627,-8.366150685959906e-06,0.0048702837354923,-0.0015576223417251376,0.0007827707095113
2016-08-01,0.0009651880480677116,-0.0064277651494011,0.0010123780553213612,0.005103699350764,0.002422821261893661,0.0065243045990355
2016-08-02,0.0010103457847390612,0.0029185114960412,0.002307738359862029,0.0121273743575205,0.004270875282315419,0.0113017537948927
2016-08-03,0.000586024430879295,0.0010632808276032,0.002286412758899706,0.0067306064536243,0.00528606883444598,0.005535308013977
2016-08-04,0.0005130869588672909,0.008145582033876,0.0024693953840504283,0.0102976237344218,0.004442277202275766,0.0045181209296139
2016-08-05,-0.0006357975056139335,-0.0005959098573553,-0.0002730153292302654,0.0012823308503744,0.0012331903530063944,0.0008705009055089
2016-08-08,0.0012166436456273987,0.0005959098573553,0.0020053267499981257,0.0047580951607626,0.004910318002552028,0.0044840528867089
2016-08-09,0.0007344213817096902,-0.0024782564078549,0.0016839718231736697,-0.0010088402481063,0.004867883040715874,0.0037967248333465
2016-08-10,0.0006919970431678577,0.0046302981084007,0.0023234367930513467,0.0033487573133639,0.004164633496060256,0.0039895703927843
2016-08-11,-0.0002448495316140134,-0.0008697108501714,0.0005460991264879069,0.0009598760166982,0.0024736772539918944,-0.0248665978755937
2016-08-12,1.6843878340660296e-05,0.0028798544530328,0.0015591906617271646,0.0003662177802423,0.0023374593741050083,-0.0097517467648993
2016-08-15,0.0009435255035300696,-0.0051710255515136,0.0011746744813008417,-0.0025592439649901,0.0037586128039656104,-0.027111007051543
2016-08-16,0.0012503089626705259,0.0018793411536153,0.002952932869104319,0.0046230281535226,0.005377499906789282,-0.0223155707376596
2016-08-17,0.0003715732874384916,0.002241416811735,0.0012607904582213382,-0.0023839393139413,0.0033229271618825727,-0.0142512309283162
2016-08-18,0.0002159477287668572,-0.0014633690866272,0.0016272555123264811,-0.0053143818643803,0.003288125044182519,-0.0203660511161167
2016-08-19,4.57284596384693e-05,-4.5607292199711935e-05,0.0015230768312789846,-0.0057360616565977,0.0027440284200971094,-0.0187150537412037
2016-08-22,0.0012834733725648943,0.0020112465669992,0.0016830590027641459,-0.0007782459475009,0.0029126193410306265,-0.018622814063069
2016-08-23,0.0009708137096468782,-0.0051276263138486,0.0016213245157538183,-0.0044398084680441,0.0029635729338053467,-0.0094511430055392
2016-08-24,0.0009111483271251469,-0.0006890257387039,0.0025355142513925483,-0.0021601164390698,0.0039492101078747255,0.0019579402818044
2016-08-25,0.00038205328264891115,-0.0018850488788446,0.002564529965057899,-0.0014249969571258,0.005827058004855028,-0.0028474443253498
2016-08-26,-0.00021436902118877405,0.0049122084168971,0.001683465316150278,0.0049580139314899,0.004640097274957837,-0.0090971554081047
2016-08-29,0.0007266715610609592,-0.0016503159535439,0.001282136319494415,0.0030634476384374,0.0053652395499913935,-0.0078205457472897
2016-08-30,0.0010679920880128657,-0.0028479342848743,0.0026414005561113084,0.0046223453959743,0.006015957030529516,-0.0012193520891319
2016-08-31,0.0006364519404998343,4.609374324004989e-05,0.0026411410106783953,0.0051848688324316,0.007114074215707906,-0.0074598071452927
2016-09-01,9.448592871879734e-05,0.0044979620097711,0.0020554827281618823,-0.0190870950707857,0.005902983506105772,1.2095169369175096e-05
2016-09-02,-0.00038086090693662406,0.0030176421238445,0.0014261610660397342,-0.0093399168200338,0.005140776740593077,-0.0068929069837864
2016-09-06,0.0006042936778641404,-9.14181960069982e-05,0.001325052602343658,-0.0268369647774893,0.004270272436620354,-0.0150215050221484
2016-09-07,0.00034891144655728505,-0.0022854108484171,0.0013218698599130542,-0.0271211358191125,0.0043622382677542555,-0.0105144686572211
2016-09-08,0.00025914344377215426,-0.0242258701599773,0.0022895940248522802,-0.0148920440077366,0.0058831680078188465,-0.0075337200632068
2016-09-09,0.0003955577483952251,0.014245140260523,0.0035374529284089985,0.0054604227761752,0.005352772050131276,0.0132568151748726
2016-09-12,-0.0005977451678967722,-0.0144794058336108,-0.0018923881769697388,-0.008597089196062,0.0011204378352770005,0.004206507550478
2016-09-13,0.0010697271732110502,-0.0003755892376302,0.0029323856346477476,0.0059289490234837,0.005244425885501034,0.0059759933478602
2016-09-14,0.0005302133638343592,0.0099436809629587,0.0013893522626923114,0.017487455885643,0.0035780848018815625,0.007662714952632
2016-09-15,-0.0006114649268301219,-0.0038734033760654,-0.0006814262195240111,0.0138252318961793,0.001129668306407118,-0.0055617353759824
2016-09-16,-0.00034394697852244924,0.0001876282882857,5.811301087090058e-05,0.0122042249263865,0.0005445379700695259,-0.0011723760789319
2016-09-19,0.000632367496854073,4.663238593494157e-05,0.0008838004118971073,0.0038818366765012,0.0029466317482201433,-0.0048380418784272
2016-09-20,0.0007823017820240284,0.011182917624529,0.0020307300909231034,0.0100240223682783,0.004950227108302402,0.001358176691518
2016-09-21,-0.0013497123413934082,0.006281456973495,-0.003114070258637784,0.0037919824483632,-0.002167607295407362,-0.0071613419338341
2016-09-22,-0.0012701233027641518,-0.0054944103458582,-0.0023648758732486325,-0.0115778638661669,-0.0019215782969026034,-0.0153114663755253
2016-09-23,-0.0005267040075933513,-0.0081347599615995,0.00010039778325328852,0.0014345425375932,0.0004911549961501352,-0.0093492932118337
2016-09-26,0.0007182909932897731,0.006188818077712,0.0014255474365096623,0.0071622623558083,0.003569465804566998,0.0030290315078547
2016-09-27,-0.0003284561394557831,0.0049508777046138,-0.0004385822912057612,-0.0041375116364212,0.0016470652366020557,-0.0065156087511422
2016-09-28,-0.000922409890099123,-0.0090883893410351,-0.0017553605743368598,-0.0046727711721148,-0.0008712640503532928,-0.0134765328999124
2016-09-29,-0.00031778749532103157,0.0075179960579019,-0.0009189953475573025,0.0051109559145174,-0.0027906898866321894,-0.0070585291167493
2016-09-30,-0.0015327489469520233,-0.0024070401433844,-0.002859505775313225,-0.0058423750652822,-0.003237043342415557,-0.0175361315362936
2016-10-03,0.0005691891759437685,-0.0051109559145174,-0.00025202845780881306,0.0017594977142305,-0.0009357862075167062,-0.0150821849634104
2016-10-04,-2.4837598664383142e-05,0.0044156181689203,-0.0013181907031561534,-0.0058394664074805,-0.003270348083096988,-0.0172428131351241
2016-10-05,-0.00023874507388696838,0.0006953377455971,-0.000639386795677232,-0.0089439522092593,-0.0010342911116716933,-0.027695161962586
2016-10-06,-0.00011430756011461258,-0.0034353349218978,-5.343304050626639e-05,-0.0129200593205123,-0.001084416515143947,-0.032978490043666
2016-10-07,-0.00039681265670714507,0.0051948326361284,4.4416063377613734e-05,-0.0089687684776293,-0.0010432192533152782,-0.0306453676679225
2016-10-10,0.0006510436893060852,-0.0127099200362286,0.00042849528685647345,-0.0176416386249673,0.0021408516539956697,-0.0140227737285867
2016-10-11,0.0006983127215518562,0.0013111323671415,0.0016637715824739962,0.0013111323671415,0.0034720400540565292,0.0031808713286167
2016-10-12,0.00033543647124602266,-0.0032807693656558,0.0018164115389095938,0.0026633989991768,0.004595705020756708,0.0124162245207664
2016-10-13,0.0002731560608508439,0.000515955920985,0.0022203378967281676,0.0040755008966364,0.00452811582473431,0.0181892921137878
2016-10-14,-6.365833012293985e-05,-0.0034780375112095,0.0012743826489218818,0.0040273077934847,0.00249620906086729,0.0153657296853815
2016-10-17,0.0016188776661075243,0.0062428509558802,0.0037395579168353235,0.0117489100627832,0.007738026314401621,0.0196287959594467
2016-10-18,0.0003730385857587224,0.0026633989991768,0.0010257297773469795,0.0021502369256181,0.005225291240142028,0.0211584694730069
2016-10-19,0.00023023499372888244,-0.0018686674681962,0.0010544300997383587,-0.0025232085177151,0.0032557984132413923,0.0166151623884243
2016-10-20,6.708214416828638e-05,0.0004677628178333,0.0016496542436918898,-0.0033249266073909,0.0048165502776581865,0.0236113568895168
2016-10-21,-0.0005106816917740725,0.0042435647580889,0.0009219213064449382,-0.0067522957868666,0.003410373312982924,0.0209035353912812
2016-10-24,0.0006254144488646394,-0.0033558221812848,0.0010974011631640186,-0.0109489541154568,0.004634789157637374,0.0241829610960158
2016-10-25,0.0006607618863167205,-0.0020100464441563,0.00216757679544396,-0.0148647160204031,0.005843687303063146,0.0294900406601748
2016-10-26,0.00040112146518432633,-0.002670385557872,0.0021731688650489093,-0.0188914002347884,0.006138208435613055,0.0320440755964064
2016-10-27,0.000428237907683197,-0.0029596063616423,0.0029151876421044057,-0.0208090050123992,0.006621943669252558,0.0384228326144509
2016-10-28,-0.0006663684150307102,4.69064294987831e-05,0.0010769019767175952,-0.0189516111969112,0.005255788433288266,0.0366768765402278
2016-10-31,0.0014033590884394442,-0.0072715840862311,0.0033153747747836507,0.0028189089490542,0.007840231487891775,0.0385779893620856
2016-11-01,0.0009704614628251041,-0.0060367306585416,0.0029747478210138,0.0145842180562603,0.007768070486503456,0.0434475045426561
2016-11-02,0.0011393820985446687,-0.0045879903354828,0.004126397468779202,0.031167434274093,0.008732859508598732,0.0458024539983288
2016-11-03,0.0011492246333324706,-0.0011022125461543,0.005078015127027819,0.0382477228369415,0.00998959153692302,0.0508909086299169
2016-11-04,0.00040448785363880914,0.0218174265754642,0.0035246152698063,0.0370423288756747,0.007762712939527483,0.0579841167278596
2016-11-07,-0.0009968351883297038,0.0044937250209748,-0.0034844148662463202,0.0160099310630661,0.0002551068045582921,0.0393287955967425
2016-11-08,-0.0005871973054967607,0.0105464855592911,-0.0020569386042665655,0.0192887305115316,0.0009892279030861983,0.0478308695227012
2016-11-09,-0.0035158221397291445,0.0024922982273656,-0.009563593179819783,0.0068623368668347,-0.009176032274008556,0.0397304882597815
2016-11-10,-0.0023360659724070074,-0.0023076065074212,-0.005045289655865414,0.0094975656723654,-0.004818674008941229,0.0432605226867632
2016-11-11,-0.0014532134284760564,0.0007850287628556,-0.001673159869860127,0.0095651134993843,-0.0014667875330879564,0.0444198151864823
2016-11-14,-0.00044582023522923207,0.0077725244694404,-0.0013608862386777568,0.0163030751993522,8.499693246095605e-05,0.0502862883420727
2016-11-15,-0.0009259970981558411,-0.0018799080854057,-0.0025099219198243864,0.0104818081127859,-0.0009077856725423893,0.034225280116785
2016-11-16,-0.0001851902239276785,0.0051275270328963,-0.00035275612127910294,0.0129057046902669,7.383704231182179e-05,0.0402139451945888
2016-11-17,-0.0008139517993025159,-0.0022400586804023,-0.0017921122418412573,0.011486549117543,-0.0021089343808534918,0.0331287597078242
2016-11-18,-0.0006707301002665425,0.0075229904628235,-0.000710426401510594,0.00902104536208,-0.001978953299549128,0.0375437407515804
2016-11-21,-0.00031287417221184443,0.0019512573828741,-0.0027318126376963117,0.003446074150613,-0.003686437889719645,0.0338708251967991
2016-11-22,-0.00014583167894748885,0.0005439884920752,-0.002031627807103407,-0.0009072521379218,-0.004735138061510483,0.0291333108631484
2016-11-23,2.605281670909162e-05,0.0037083714601724,-0.0015686688303616944,-0.005133021832866,-0.005415237650120106,0.0268602379648781
2016-11-25,-0.0005131109911508385,-0.0047055624358653,-0.0015031564633139283,-0.0083409289969331,-0.006209821745485944,0.0246151025004568
2016-11-28,0.0006769811454777211,0.0019480192513565,-0.0005231521514632825,0.0023556289907205,-0.0027058782205091362,0.0317986806978671
2016-11-29,9.630123236763335e-05,-0.0024020689056607,-0.001267840452225903,0.003569715183711,-0.0037371846021721023,0.0215516851801451
2016-11-30,-0.00019244494412996128,-0.0036817812028688,-0.000999891811470675,0.0189675830363054,-0.0025194804484294083,0.0237310878791117
2016-12-01,0.0002259427055230311,0.0005004642961052,0.0008883358502317727,0.0250954685355457,-5.869367025470966e-05,0.0237510010539274
2016-12-02,-3.0186759178283036e-05,0.0059909955517882,0.0006977493711659681,0.0306173368937878,-0.0009441341231752427,0.0308717146504955
2016-12-05,0.0006164132549337934,0.0031621054443471,-0.000363714878935439,0.0234780273342973,-0.0003831619371905499,0.0308121232947797
2016-12-06,0.0004861752468221743,0.0129957989469335,0.0002853665140803341,0.0269674238083963,0.0011254362286570833,0.026855035862475
2016-12-07,-0.0014876081649205742,0.0024461042963714,-0.004754192056290441,0.0056831411056155,-0.0055882440005253576,0.0174309159802161
2016-12-08,-0.001148679304669721,0.0060223326543473,-0.0030033696767682383,0.0073457938016421,-0.004257083734787541,0.011678326176125
